Type,Teff,Jstet,RMS_60m,LS_Period,LS_SNR,BLS_Period,BLS_SDE,VmKmag,w1mw4mag
RR,4696.0,5.72424,0.05885,0.47987945,2603.24112,0.47952836,7.66098,2.378999710082999,3.57600021362304
GDOR,5460.0,-0.0507,0.00765,14.64927263,435.49318,13.916809,10.34483,1.7849998474120987,4.210000038146999
RR,6448.0,0.28468,0.00538,0.48489561,1094.77374,0.48532792,8.32695,1.036999702453599,2.6729993820190288
MISC,3208.0,25.27547,0.02021,14.64901579,2503.32609,0.10409946,8.28748,5.708000183105499,0.38800001144409
EC,6558.0,18.07307,0.05171,0.55445456,9906.41667,0.55362454,9.47305,1.0780000686646003,0.8699998855590803
DCEP,4190.0,0.86362,0.00947,3.81282438,3607.05374,7.59513471,10.30328,3.1269998550416,1.2049999237060796
DCEP,4235.0,0.59035,0.01293,5.45745255,733.60842,5.36226045,9.17649,3.0590000152587,2.8610000610351207
RR,7152.0,-0.16566,0.00137,0.51638234,367.17237,0.51391921,7.78041,0.8299999237059996,2.2170000076294105
ED,4963.0,1.41835,0.03384,0.35603215,1162.42108,0.71289061,9.02835,2.1639995574950994,4.06199932098389
ED,5998.0,-0.24994,0.0008,0.27186837,223.88122,0.2717164,13.24625,1.4240007400512995,1.194999694824201
EC,6171.0,2.19849,0.03192,0.37209904,4322.85873,0.74472898,9.63681,1.3350000381469993,4.87899971008301
ED,5174.0,0.32139,0.01575,0.31308907,647.88906,0.62619312,12.3656,1.960999488830501,3.7989997863769496
CST,5872.0,-0.29586,0.00453,6.958252,30.23196,0.11070468,4.34263,1.6129999160766992,4.0799999237060405
RR,5734.0,0.11815,0.00623,0.61713987,710.44511,0.61657114,10.37014,1.5839996337890998,3.1790008544921697
CST,5914.0,16.00344,0.01877,13.25381333,3470.39084,0.10409945,8.62415,1.3809995651244993,4.26900005340581
MISC,3767.0,1.30322,0.00747,14.64895158,1315.28447,0.10409945,8.62368,3.829000473022511,0.4149999618530309
MISC,3769.0,6.31428,0.02207,15.46278222,3117.06899,0.10409945,8.57809,3.82399940490726,0.1540002822876003
RR,6959.0,9.43259,0.1169,0.54256565,3600.12693,0.54166776,7.18074,1.4359998703003,4.01799964904783
MISC,3637.0,-0.04698,0.00086,12.00195304,738.27875,10.82393174,7.55293,4.15099954605106,1.6189999580383292
DCEP,4253.0,0.01506,0.00323,3.92022789,1626.88236,11.51974555,9.08898,3.0310001373291,0.7939996719360192
EC,4859.0,3.06176,0.01077,0.1201252,13992.26788,0.12011554,9.97492,2.271999359130799,1.8930006027221309
EC,5065.0,0.35147,0.0151,0.14746948,1112.29408,0.14748528,9.97424,2.0629997253418004,4.274999618530259
ED,6102.0,-0.27643,0.00183,0.85054263,21.48916,0.85224782,15.72523,1.3179998397827006,2.3700008392334304
MISC,5908.0,-0.06219,0.00304,11.1250976,304.23385,13.00500804,9.35757,1.4270000457762997,2.5399999618530096
RR,4726.60009765625,2.19166,0.01648,0.41419074,3856.42466,0.41419477,8.83228,2.041999816894501,2.1840000152588
ED,3881.0,2.43213,0.03227,0.29267738,800.18814,0.29273133,11.72243,3.7119998931885,3.104999542236291
DSCT,6066.0,-0.43207,0.01144,15.46278222,91.77874,0.14085976,10.09801,1.282000541687001,5.71199989318851
ED,6131.0,0.32827,0.00344,2.5074782,191.77076,1.23535304,10.75492,1.310000419616701,0.8940000534058008
ED,6619.0,2.89567,0.01421,0.95646072,629.06077,3.82777872,8.29817,1.2880001068115998,1.7869997024536204
CST,3271.0,14.34282,0.02431,13.916504,2544.56508,0.10415349,8.58158,5.47800016403198,1.1209998130798304
MISC,4876.0,1.59146,0.00453,14.64901579,1807.66422,0.10415349,8.44922,2.2539997100830007,4.949000358581539
GDOR,3179.0,4.99641,0.01235,23.1946825,16055.39818,11.51974589,8.22203,6.02699947357183,0.1710000038146999
ED,7524.0,14.62637,0.04077,0.67089608,996.19103,1.34224996,12.77843,0.6079998016357386,0.1490001678466797
MISC,3266.0,31.83731,0.05394,13.9168095,2776.91751,0.10409947,8.127,5.500999927520731,0.6149997711181703
EC,6526.0,3.32876,0.03373,0.28517426,4521.52728,0.57095348,11.39533,1.0920000076294,3.3569993972778693
EC,5149.0,0.21726,0.01224,0.14208075,484.15243,0.14195604,8.85412,1.9840011596680007,6.16100025177003
GDOR,5686.0,6.27668,0.00894,0.61577449,727.25843,0.61468223,6.11416,1.671999931335499,3.0260000228881605
DSCT,4036.0,0.0611,0.00211,9.27771,81.46236,0.18118109,9.18471,3.2880001068115288,-0.0699996948242187
DCEP,6175.0,0.64602,0.00871,4.28209508,1486.23425,12.22142791,9.63061,1.4359998703003,2.22399997711177
ED,4247.0,1.28906,0.01778,8.18003912,691.14801,8.5640765,8.92918,2.947999954223601,2.37300014495845
EC,3965.0,0.0594,0.00877,0.12550878,1752.89593,0.12552527,11.35532,3.5160007476807,3.911000251769989
DSCT,7333.0,-0.82106,0.00906,16.37235765,10.20949,0.14792135,8.87033,0.7600002288818004,5.235000610351559
EC,5658.0,7.97092,0.02466,0.18857465,14622.56285,0.18850043,10.22574,1.5620002746582011,0.882999420166021
EC,6661.0,7.78618,0.07919,0.21626744,10885.92591,0.2163461,9.9094,1.0110006332398012,3.3760004043579404
ED,4532.0,-0.04873,0.0029,1.08941237,273.10528,1.08714699,10.78191,2.5659999847411985,1.6209993362427202
CST,5186.0,1.24233,0.01675,14.62736421,78.18818,13.895996,10.10106,1.9500007629394,5.682000160217271
CST,3240.0,13.21021,0.0238,13.916504,3597.23384,0.10420759,8.69006,5.644999504089349,0.4270000457763707
CST,5393.0,4.41241,0.02874,0.17138552,10444.52099,0.34273501,9.52029,1.7700004577637003,2.237000465393111
CST,2932.0,43.97405,0.02801,13.916504,1257.72272,0.10409945,8.77144,6.30700039863585,0.7060000896453897
EC,5654.0,10.80091,0.03111,0.18793801,12313.95589,0.37614662,9.03093,1.7109994888306002,3.8009996414184304
CST,4366.0,5.10758,0.0073,9.59775724,178.1375,13.916748,9.19268,2.779000282287601,2.2320003509521804
RR,5651.0,14.81653,0.15123,0.47987945,3620.99174,0.47952836,6.85126,1.6689996719359996,4.081000328063981
ED,4993.0,9.17773,0.03791,4.48929339,1489.51054,4.51722693,10.06727,2.0830001831055114,0.8100004196166992
RR,6004.0,33.17069,0.0999,0.88360692,4155.30898,0.88226842,10.28715,1.3540000915527308,0.9989995956420898
CST,4030.0,4.39796,0.02497,12.61347,422.84457,12.97740699,10.23347,3.3850002288819,4.30700016021728
EC,4137.0,52.86581,0.0928,0.24181588,3333.04635,0.48299134,9.0997,3.2450008392334,2.265000343322761
DCEP,4229.0,0.16705,0.00379,2.72878608,816.37593,8.21724508,7.72858,3.42700004577636,-0.0910005569458007
ED,4189.0,1.17115,0.04063,0.18882637,2183.22253,0.18885523,11.82857,3.127999305725101,5.835000038147001
EC,5434.0,14.0606,0.0644,0.18445076,14865.35785,0.18451345,9.95972,1.8219995498657011,2.22499942779541
CST,6039.0,-0.31105,0.00038,3.91720197,49.06805,11.51238434,9.12735,1.3520002365112305,1.1020002365112305
RR,4995.0,0.64913,0.02815,0.6354568,562.29992,0.6361189,9.08445,2.132000923156701,5.192999839782729
EC,5567.0,8.80302,0.04428,0.20420402,11900.16964,0.40829451,9.72204,1.7449998855590998,1.80300045013426
ED,6093.0,2.02924,0.02701,0.42236143,650.5057,0.10546746,10.54364,1.166999816894501,2.69499969482424
ED,6226.0,0.48029,0.00703,0.96425372,146.10821,0.96254756,13.84676,1.612000465393001,3.55599975585935
MISC,3424.0,3.84098,0.00613,25.30273455,13769.92331,0.10409945,8.38782,4.815000057220479,0.25
DSCT,3924.0,-0.32151,0.00449,14.64895105,81.95484,0.15452896,9.35101,3.5710000991822,2.417000770568849
CST,6530.0,-0.17415,0.00139,23.19417333,478.97381,0.10426174,7.36557,1.012000083923299,2.018000602722191
CST,6106.0,0.26937,0.00697,0.21560326,334.55997,0.43108333,8.27111,1.2810001373291016,3.5570001602172603
ED,6244.0,3.35724,0.02674,0.25488662,2581.67812,0.51000073,8.67729,1.3470001220703,1.9869995117187305
DCEP,4574.0,3.2199,0.04932,4.97028893,8862.85728,4.96428537,10.18371,2.5170001983643004,3.564000129699739
EC,4368.60009765625,0.36279,0.00244,0.18928808,1505.75314,0.18920369,10.62114,2.788000106811479,-0.0080003738403302
MISC,3583.0,8.69182,0.01542,23.19417333,15659.83532,0.10420759,7.83625,4.300000190734821,0.2360000610351598
RR,5138.0,0.7776,0.03652,0.59093435,485.44899,0.59113935,8.16355,1.993999481201099,5.70499992370601
RR,5952.0,5.53051,0.09818,0.57746095,1465.66576,0.57752769,9.4129,1.3559999465941992,4.81500053405766
MISC,3380.0,7.90207,0.01143,13.916504,2065.58377,0.10409945,8.67715,4.920000076293901,0.3449997901916504
RR,5159.0,-0.03092,0.00172,0.85906228,1110.35143,0.85958969,9.63184,1.9749994277954013,0.9759998321532812
DSCT,7129.0,-1.06186,0.01176,0.17582829,127.29902,0.10393769,8.76548,0.810000419616701,4.685999870300279
RR,4432.0,0.50851,0.00622,0.57625275,948.2284,0.57586959,9.3307,2.6920003890991,1.5489997863769602
EC,4838.0,-0.08455,0.00552,0.16257955,480.97594,0.16254075,10.54951,2.2309999465942987,3.60599994659426
DCEP,6227.240234375,0.09378,0.00266,3.02539326,770.97122,6.00416515,7.68802,1.3710002899169993,1.0859994888306002
ED,5429.0,0.12496,0.0057,0.25131681,408.42598,0.50229836,10.38568,1.9700002670288013,3.18400001525878
ED,6402.0,8.1952,0.01384,0.57778085,3087.3252,1.15684926,10.16632,1.1400003433227504,0.1370000839233398
ED,5400.0,0.75992,0.06531,0.61307531,445.13366,1.22779593,12.0923,1.7639999389647991,5.30800056457516
DSCT,7075.0,0.51396,0.00693,0.13394192,2738.46593,0.13390334,8.4348,0.8939990997313991,2.3439998626709
ED,3611.0,0.30543,0.00923,0.94030432,283.0476,3.75612117,11.2733,4.2070007324219,1.4249992370605291
RR,4120.0,4.02989,0.06975,0.49436959,1925.94723,0.49490477,8.65808,3.2360000610350994,4.28800010681157
ED,6240.0,9.89084,0.04561,0.39591761,2269.42493,0.79174885,10.98484,1.3360004425048704,1.23700046539307
DSCT,3795.0,-1.33855,0.02004,5.79856875,15.67312,0.10608082,9.25297,3.765998840332101,3.046999931335421
DCEP,3623.0,1.79528,0.014,6.9584045,6689.11016,7.06059211,9.94629,4.18100070953369,0.9039993286132812
EC,5738.0,6.28893,0.0758,0.18806499,15013.05099,0.18814691,10.0799,1.6389999389647991,3.56999969482424
ED,4413.0,0.14413,0.01991,0.28142575,127.71335,0.56294386,14.53946,2.715999603271399,5.673999786376919
CST,5838.0,8.67235,0.02487,9.94057821,1256.56036,0.1042076,8.32299,1.432999610900799,5.11100006103516
EC,5322.0,7.31122,0.02401,0.15445959,13212.75776,0.15452899,9.92474,1.92499923706054,1.25599956512451
DSCT,4673.0,-0.69531,0.00811,7.73156083,75.80068,0.12253634,7.56785,2.4800004959107,5.80500030517578
DCEP,5823.0,3.75461,0.07139,4.03385768,10917.32521,8.21724508,9.20341,1.4429998397827006,3.8860006332398
RR,6361.0,7.16784,0.09294,0.61306185,3345.75117,0.61280487,9.49012,1.6190004348755007,4.055999755859329
EC,5188.0,11.15244,0.02601,0.1458753,11944.85641,0.14577198,11.05313,2.02999973297117,0.7290000915527308
RR,5205.0,0.64463,0.01858,0.54305761,889.33714,0.54307036,7.92081,1.9330005645751007,3.874999999999989
RR,5065.0,8.86978,0.08649,0.51163618,2357.94363,0.51129996,8.9401,2.063000679016101,3.6759996414184606
RR,3721.0,0.48422,0.00847,0.47016247,757.95779,0.4705323,7.08078,4.012000083923299,1.1560001373290998
DCEP,6090.0,1.6407,0.01325,5.45757216,8478.09694,5.50955175,9.37627,1.9379997253418004,2.41499996185299
ED,6508.0,2.28983,0.01622,0.48793216,760.60381,0.97670558,11.11622,1.1879997253418004,1.7549991607665802
EC,5659.0,1.43101,0.02204,0.18408478,4723.66446,0.18417471,10.75173,1.6599998474121005,4.61600017547611
RR,5623.0,3.06073,0.01666,0.59727485,2387.60883,0.59818894,9.33327,1.7510004043579013,1.78800010681147
DSCT,5363.0,-0.01466,0.00932,0.12939567,1107.8861,0.25875491,7.92222,1.7950000762938991,4.317999839782749
RR,6469.0,31.22313,0.18631,0.61578801,2525.83105,0.61657173,8.59267,1.0449991226196005,2.26099967956546
DCEP,6528.0,0.99408,0.02108,2.72878608,1521.56015,2.69618842,9.0101,1.0130004882812005,3.9349994659424095
EC,5878.0,1.0614,0.02509,0.17715124,2303.11673,0.3542252,10.74531,1.4849996566772994,4.633000373840359
DSCT,6349.0,-0.59969,0.01433,6.62690667,72.80772,0.10710005,7.74713,1.1120004653931002,5.76800060272212
GDOR,5582.0,3.2137,0.00554,1.06232855,870.32509,4.23140269,7.35875,1.6110000610350994,2.4230003356933896
EC,4917.0,-0.09924,0.00328,0.11062404,1607.04124,0.11058266,9.90887,2.211000442504901,3.18599987030027
EC,5454.0,6.09267,0.05015,0.1860536,11373.01219,0.3719627,10.3525,1.7750005722046005,3.0489997863769998
ED,4149.0,0.34828,0.01576,0.42722171,247.00316,0.85224668,12.25757,3.097999572753899,3.6740007400513
RR,5719.0,0.34121,0.00911,0.49881036,822.09401,0.49859465,8.2128,1.6230001449585014,3.46099948883052
MISC,4993.0,3.43457,0.00646,9.91062679,354.9709,0.10409712,7.60214,2.0830011367798,4.94099998474125
GDOR,6983.0,3.1612,0.00535,1.06232855,978.00326,3.16383782,7.5368,1.4700002670288104,0.0609998703002894
MISC,4045.0,5.03503,0.0203,11.1891175,2466.08478,0.10407107,7.52619,3.616999626159601,2.9370002746581587
ED,4189.0,-0.14486,0.00779,0.17803497,216.09881,0.35610424,11.78585,3.1280002593994,4.19699954986568
ED,5849.0,-0.04456,0.01008,0.37354828,120.15916,0.37333196,13.52289,1.3909997940062997,5.61999988555905
DCEP,3383.0,0.55534,0.01417,2.55354294,636.75608,5.09022709,9.64155,4.777000427246101,1.209000587463379
GDOR,4765.0,5.78344,0.00851,0.61577449,846.25653,1.723477,6.62088,2.3739995956420987,4.86900043487552
DCEP,6753.0,0.29393,0.00562,3.09262422,1400.22703,6.18937986,9.36578,0.7790002822875994,2.15999984741206
RR,6974.0,21.00976,0.15689,0.61577451,3011.50671,0.61468223,8.50832,1.0690002441406,3.24000072479244
DCEP,5595.0,2.15964,0.04136,2.92985453,4962.19987,2.93263629,8.55749,1.6090002059936983,3.851000785827619
MISC,5464.0,0.4732,0.00266,13.916504,724.74484,0.10409945,8.15577,1.7629995346069816,0.8070001602172798
DSCT,6794.0,2.54549,0.00921,0.10106615,13.41477,0.18333328,8.98781,1.0220003128050994,2.77200031280522
DCEP,6283.0,2.24723,0.05007,4.48929323,3066.63799,8.95036074,10.13543,1.1499996185303,3.8340005874633984
EC,5169.0,2.01297,0.03587,0.13744804,3486.49167,0.13738549,9.65489,1.965999603271399,4.138999938964879
RR,5683.0,1.6918,0.03542,0.73632296,621.59794,0.73652765,9.08672,1.6570005416869993,4.84100055694584
ED,6665.0,2.4731,0.03899,0.80210395,748.06768,1.59979987,11.67542,1.2730007171631,2.8699998855591016
DCEP,3368.0,0.95913,0.0175,2.7833618,1688.17059,13.916809,9.02899,5.031999588012701,1.118999481201099
MISC,3948.0,3.48447,0.01016,14.64901579,3254.44452,13.916565,8.67218,3.451000213623031,2.50099992752076
EC,5917.0,7.87863,0.0244,0.1458753,12223.78705,0.14577198,11.09799,1.4519996643066992,3.898000717163111
CST,5380.0,0.37508,0.0062,14.64901579,758.58715,13.916565,9.56175,2.0369997024537003,1.47299957275394
ED,6569.0,2.8654,0.07546,0.45702805,2318.986,0.91443479,10.94594,0.9910001754761008,5.105999946594199
EC,5612.0,0.0303,0.02182,0.13792368,333.38933,0.27581303,10.22429,1.5959987640380984,6.266000747680659
ED,4852.0,0.48644,0.00733,0.81383064,118.08508,0.8142401,10.97584,2.3150005340577007,1.5959997177123917
ED,8265.0,-0.09781,0.00712,0.67079998,40.13003,0.6722844,13.69098,0.3599996566772994,4.1300001144409
RR,5702.0,0.26736,0.00387,0.57269564,1510.60393,0.57258283,10.41989,1.6350002288818004,1.40200042724606
MISC,3875.0,11.5743,0.01526,12.10152,2807.04853,0.10426175,7.59679,3.661999702453599,3.6440000534057297
DSCT,7028.0,6.2488,0.00452,0.14972098,1681.86518,0.14968703,8.74071,0.9250001907348596,0.0450000762939497
MISC,2776.0,23.68536,0.05153,14.64895105,1929.16215,0.10409945,7.94993,7.03399944305416,2.24600005149841
MISC,5824.0,4.39857,0.03415,13.916809,1850.074,0.10409947,8.10794,1.7080001831055007,2.9860000610351705
EC,4241.0,1.958,0.03062,0.15234268,4666.8438,0.30473534,11.30521,3.1590003967285,3.88199996948239
DCEP,5977.0,0.45149,0.00644,3.61475558,1907.78291,7.31811515,9.13773,1.6169996261597,1.6450004577636896
RR,6502.0,3.6847,0.09075,0.57986704,2103.31807,0.57919483,8.92204,1.0269994735716992,5.32500076293943
RR,6867.0,5.09785,0.06112,0.59855931,3284.89424,0.59997769,9.89082,1.1649999618530007,3.94200038909913
CST,4965.0,0.74599,0.00262,10.70500308,6457.38567,10.89407437,11.33511,2.16199970245359,0.3480005264282297
RR,5034.0,0.51365,0.00907,0.66427227,773.23881,0.66566484,8.21461,2.1829996109009,2.93499946594234
ED,4710.0,2.66244,0.03262,0.2668553,1750.04085,0.53445311,11.88987,2.4370002746582013,2.95699977874753
MISC,2844.0,33.15187,0.07003,14.64901579,3741.80364,0.10420759,8.30322,6.729000091552761,2.09400010108947
RR,6903.0,2.25429,0.06119,0.37433034,1648.95393,0.37403541,8.76226,0.8240003585816016,5.88199996948245
DSCT,5186.0,-0.0715,0.00222,0.11763739,1235.76501,0.11765043,8.79133,1.9499998092650996,2.37100028991696
EC,5464.0,0.72715,0.02554,0.14523627,1419.54832,0.14524326,9.89918,1.7120008468627983,5.814999580383301
EC,4584.0,15.41751,0.07778,0.13979718,17320.74397,0.13978034,10.11396,2.5049991607666,2.26599979400633
ED,7907.0,0.33751,0.01877,0.76829099,413.39783,0.76748768,12.24261,0.7200002670287997,4.55700016021731
ED,4526.0,1.40075,0.01864,0.49879943,591.50909,0.49859426,13.07122,2.7560005187988,2.345999717712441
DCEP,5612.0,0.28116,0.00981,3.47920225,1260.04327,12.22142791,8.85036,1.7909994125365998,3.4539995193481
MISC,3834.0,0.87672,0.00224,12.12108273,4470.41223,11.76903307,9.28794,3.68099975585939,0.1360001564025896
DSCT,7369.0,1.09014,0.00679,0.29328904,61.9234,0.17128232,9.25269,0.6190004348755007,1.7430000305175497
ED,4671.0,1.47448,0.02464,4.48929339,314.64814,2.21907836,12.90309,2.4060001373291,2.609000205993599
DSCT,6969.0,0.989,0.00357,1.11332032,237.65714,0.18814685,9.21744,0.8790006637573207,-0.045999526977539
RR,6535.0,6.97258,0.09957,0.49879943,2355.84019,0.49859426,8.56099,0.7519998550415004,5.25999927520753
MISC,3400.0,8.90035,0.05453,14.64901579,3784.33636,0.10420759,8.49824,4.730000495910701,1.1950006484984907
MISC,2938.0,7.43084,0.00958,11.59708625,1263.10877,0.10420759,7.5827,6.317999839782759,0.21000003814697
DCEP,5403.0,0.95944,0.02137,2.86944515,2890.46584,2.89038983,9.1877,1.7620000839233008,4.76200008392339
EC,5488.0,9.78194,0.01538,0.16324345,12765.59726,0.32655821,10.03329,1.6929998397826704,0.8599996566772496
CST,5887.0,-0.29841,0.00057,11.133252,39.38907,13.916565,10.34018,1.596000671386701,1.0920000076294
CST,3685.0,14.19909,0.01401,12.10157348,2053.8916,0.1042076,7.28343,4.025999546051021,0.4530000686645499
MISC,4754.580078125,-0.05766,0.00086,0.67230961,234.70512,0.67235749,6.49375,2.5569992065430007,-0.0839996337890589
GDOR,7016.0,0.9563,0.00322,1.00119173,674.86712,1.00112539,7.93444,1.0659999847412092,-0.0170001983642595
EC,4537.0,1.25941,0.02831,0.13799211,3372.24789,0.13804919,10.13485,2.6440000534056995,4.685999870300272
DCEP,3731.0,1.19606,0.03151,3.23646721,1842.64472,3.21454229,8.47446,3.946001052856501,2.953000068664579
RR,6344.0,11.19036,0.20241,0.60905072,1933.95196,0.60908492,8.2049,0.9009990692137996,4.55600070953369
DSCT,7016.0,22.17169,0.01828,0.13459196,12960.49243,0.13462211,8.5007,0.8060002326965297,-0.2349996566772505
DCEP,4804.0,0.31186,0.0074,3.31352595,1752.28183,3.37684558,9.20648,2.2650003433227006,2.42399978637696
EC,6262.0,8.39635,0.0358,0.16577498,12356.33418,0.16576359,10.3495,1.387999534606999,2.7219991683960103
MISC,5820.0,0.53015,0.00952,16.37235765,581.596,13.916504,9.11679,1.6830005645752006,3.6909999847412
CST,3759.0,0.00766,0.01313,9.27787267,37.28302,0.10409947,7.74119,3.8880004882812,2.708999633789089
ED,4208.0,6.86724,0.04348,0.21812701,1779.44055,0.21799139,12.10855,3.006999969482401,2.079999923706021
RR,6535.0,4.12095,0.06312,0.46699678,3187.73405,0.46724472,8.29413,1.0089998245238991,5.194000244140659
DSCT,6148.0,0.11604,0.00453,0.1721282,1237.0866,0.17216415,8.74756,1.6279993057250994,2.7639999389648
EC,5324.0,0.41559,0.01627,0.16616721,1912.66798,0.3325112,9.65826,1.828000068664501,4.979999542236369
DSCT,6134.0,0.07671,0.00759,0.10001125,5791.12827,0.10000068,9.36789,1.5390005111693998,4.16900062561038
RR,5504.0,0.24279,0.0155,0.46595836,591.99329,1.39869952,7.28962,1.6799993515014986,5.83099937438967
DCEP,4607.0,0.21424,0.00271,3.16291114,2027.72951,3.11473863,9.04067,2.4780006408691198,-0.1870002746582102
ED,5820.0,-0.08895,0.00774,1.09149047,114.54572,1.093914,13.29561,1.7270002365111985,4.965999603271461
ED,6579.0,0.29168,0.01089,1.04087569,307.62107,2.08051345,11.91594,0.9860000610352008,2.51500034332272
GDOR,7447.0,43.87504,0.03108,0.8864015,2123.30339,0.88616383,7.56841,0.6199998855590803,-0.0539999008178702
GDOR,7359.0,6.0574,0.00837,0.61577449,1699.20403,0.61468223,6.23017,0.7539997100830096,0.0920000076293998
EC,6683.0,10.82041,0.03156,0.2860598,8655.91036,0.57258335,10.50496,0.9320001602172798,0.8660001754760795
RR,5550.0,1.63359,0.02155,0.47415687,2179.5663,0.47386576,7.51919,1.8339996337891,3.045000076293949
DSCT,6176.0,0.64584,0.01002,0.10001125,7082.79426,0.10000068,9.29785,0.9770002365112004,4.088999748229929
ED,5659.0,0.49118,0.01645,0.37709623,908.77865,0.37754691,8.81104,1.5180006027222,5.146999359130861
MISC,3565.0,9.60264,0.01873,9.27766933,731.13865,0.10420759,8.11608,4.35299968719483,0.2409996986389107
MISC,4364.0,5.71319,0.02724,13.25410381,8333.42486,0.10409947,8.64254,2.79699993133541,0.1120004653930593
DCEP,2899.0,0.0873,0.00725,3.12737281,824.93976,3.16385358,8.25817,6.4850006103515,0.90100002288818
MISC,4527.0,2.49722,0.01555,21.41047615,5341.93399,13.0141359,6.71821,2.57200050354008,0.697999954223631
DSCT,6229.0,-0.51046,0.00317,0.1140697,45.13568,0.22919703,9.23976,1.1820001602172,1.70300006866454
DSCT,5879.0,-0.46747,0.00376,9.59758897,7.7968,0.11429937,8.76479,1.4770002365112005,5.010999679565421
DSCT,7168.0,-0.18036,0.00613,15.46312167,280.58286,0.17099042,8.81989,0.9720001220703,4.290000915527379
EC,5931.0,0.58208,0.01328,0.16626648,2324.50189,0.16617541,9.69372,1.6630001068115003,5.036999702453629
DSCT,6929.0,-0.0088,0.00861,14.64927263,2938.32112,0.15931425,10.1366,0.8119993209839009,1.5490007400512391
MISC,3812.0,37.57285,0.06262,13.916748,2102.63172,0.10409947,8.62821,4.104000568389879,0.2589998245239204
DCEP,7663.0,0.7313,0.01147,3.76129973,2659.03325,7.31811515,9.47794,0.7740001678466015,3.83100032806394
RR,4405.0,0.06846,0.00928,0.5717421,361.19503,0.5724949,8.87796,2.7270002365113,4.217999458312949
DCEP,4627.0,10.30832,0.09529,16.37271647,15804.92442,13.916809,7.22813,2.5340003967285,2.0349998474121502
EC,5589.0,3.95952,0.04826,0.1843286,11209.41362,0.18434393,9.67363,1.8179998397827009,3.57800006866454
DCEP,5743.0,5.05493,0.05361,9.94036,18222.07294,9.36812541,9.814,1.5,4.246999740600611
DCEP,6450.0,0.10987,0.00569,3.19926644,635.70397,3.21454229,7.80108,1.4969997406005984,2.879000663757319
DSCT,5747.0,0.58045,0.00301,0.20052599,5875.04006,0.20055936,9.98663,1.5039997100830398,0.8979997634887695
DCEP,4638.0,0.74294,0.01001,4.63893633,3265.48633,4.62126892,9.5378,2.442999839782699,1.2989997863769407
RR,4570.0,0.06897,0.00241,0.55334012,601.02614,0.55362406,9.59394,2.5209999084473,1.0029993057250994
MISC,3207.0,26.46607,0.02639,13.25387143,3307.46805,0.10409946,8.81358,5.8439993858337,0.2969999313354501
CST,3682.0,2.30495,0.00271,14.64895158,1010.70715,0.10420759,8.61805,4.034998893737802,4.99100017547609
MISC,3722.0,5.18471,0.00476,11.59708625,2654.16617,11.51953623,9.45588,3.93400001525879,0.6989998817443901
CST,3287.0,-0.20252,0.00341,16.37271647,99.86534,13.916809,10.09492,5.3979997634888015,1.102000236511259
DSCT,3970.0,-0.29931,0.00152,13.916504,141.77361,0.13729349,8.80671,3.408999443054199,4.78600025176997
DCEP,6565.0,1.51376,0.01737,3.81282438,4463.93248,7.59513471,9.45815,0.9930000305175,3.60700035095215
DSCT,7181.0,-0.73175,0.00086,12.10157304,60.81601,0.1477036,7.10252,0.7320003509521111,0.9040002822875994
DCEP,4298.0,2.99335,0.03523,3.09255644,19226.86988,3.11472335,10.69913,3.0480003356934,2.6649999618530096
DCEP,3814.0,0.247,0.00511,6.32582227,2493.44267,13.01413546,9.30619,3.723999977111861,0.4790000915527397
MISC,2637.0,27.20874,0.04106,14.64895158,2963.81344,0.10409945,8.585,7.64900016784673,1.8550002574920692
DCEP,4731.0,2.01865,0.00806,4.4180346,8439.44156,8.95036074,10.49989,2.3410005569457795,0.2569999694824201
DSCT,6851.0,-0.40583,0.00686,0.16023609,6.45727,0.15880982,9.38016,0.8489999771118004,5.663999557495089
ED,6366.0,1.49863,0.02521,0.37835312,421.04789,0.75586098,11.60857,1.3529996871947991,4.64099979400636
DSCT,6826.0,1.02947,0.00787,15.46312111,158.34277,0.18200288,9.2589,1.1040000915527006,2.5290002822875888
DSCT,7856.0,-0.59897,0.01192,14.64920842,204.69742,0.14135597,8.94503,0.9879999160766992,5.237000465393091
MISC,5639.0,12.5842,0.01667,25.30329,12843.02617,0.10409947,7.92883,1.5760002136230007,5.18000030517578
RR,4221.0,1.20488,0.02789,0.52615535,1065.66414,0.52604617,8.94781,3.0790004730224005,3.6359996795654
DCEP,6038.18017578125,0.59934,0.00409,5.92204638,2258.88537,5.82971331,9.96546,1.605999946594201,0.26399993896481
DSCT,6955.0,5.44499,0.00342,0.19195178,1053.53284,0.19192628,7.78431,0.8710002899170002,-0.0739998817443803
ED,5093.0,5.96569,0.06569,1.68684897,405.61129,3.37682762,12.92672,1.993999481201099,1.732000350952159
EC,4969.0,0.29981,0.00701,0.34396031,785.85828,0.68845687,10.70525,2.1050004959107014,3.718000411987351
RR,8645.0,4.37702,0.08117,0.46935933,1731.11129,0.46943108,7.31207,1.1040000915528,5.776000022888191
DSCT,5607.0,77.04546,0.05626,0.14703121,16244.05599,0.14705404,8.65613,1.78600025177,3.546000480651889
ED,5584.0,0.00081,0.01983,0.61307531,161.83202,0.61280546,11.29835,1.6180000305176012,5.56300067901611
EC,5979.0,1.83433,0.01585,0.16362733,8247.48778,0.16360098,10.51974,1.2810001373290998,3.0039997100830007
CST,6130.0,-0.13778,0.00031,14.59414789,149.49302,13.8644405,13.39624,1.29699993133545,0.0250000953674307
MISC,4672.60009765625,0.73294,0.00223,8.69781469,125.60387,0.10409945,7.39993,2.564000129699741,-0.1409997940063503
DSCT,7555.0,-1.03058,0.01549,12.10157348,22.91428,0.10557845,8.99749,0.5450000762939009,6.088999748230021
ED,5654.0,1.30626,0.03189,2.22664056,284.79139,2.21907058,10.9944,1.6960000991820987,4.11600017547611
DSCT,7043.0,0.24135,0.00457,0.11369743,3266.37109,0.11371635,8.61138,1.0619993209838992,2.470000267028769
MISC,4773.0,9.20478,0.01107,12.10136087,3064.96533,13.01392209,11.05132,2.5980000495910502,-0.0679998397827104
ED,6008.2998046875,-0.28274,0.0008,14.60545632,26.70205,1.36065605,16.7149,1.325000762939501,2.01399993896486
DSCT,6978.0,2.09787,0.00659,0.10011917,13.54616,0.17923885,9.30066,1.2049999237061009,1.1430006027221502
DSCT,5504.0,-0.91513,0.00627,15.46312111,161.47047,0.11785778,8.91402,1.8540000915527008,2.9519996643066104
RR,5792.0,6.83466,0.10359,0.61578801,1347.57068,0.61657173,8.47129,1.5889997482299003,4.79900074005125
DSCT,7087.0,-0.41623,0.00029,2.24459734,38.18591,0.14716189,9.04129,0.8149995803833114,0.0710000991821306
RR,6096.0,9.28614,0.13887,0.54574525,3087.94275,0.54609007,8.1754,1.3069992065430007,4.14999961853025
CST,5908.0,-0.06219,0.00304,11.1250976,304.23385,13.00500804,9.35757,1.4270000457762997,2.5399999618530096
EC,5591.0,2.91721,0.03244,0.13266739,10049.85448,0.26525453,10.02064,1.8899993896484,4.590000152587871
DSCT,6801.7998046875,4.57689,0.01307,0.11763739,16803.00759,0.11765043,8.8681,0.9329996109009002,1.2780008316040306
DCEP,5692.0,0.50434,0.00917,2.24464661,2626.26571,2.24389545,8.97207,1.8340005874634,3.2010002136230806
DSCT,6886.0,-0.10266,0.01237,0.21230831,84.13538,0.15805923,9.12052,0.8680000305176012,3.17899990081789
DCEP,4698.0,7.16737,0.05562,13.25410381,14205.72277,13.916809,12.06348,2.3760004043579013,2.302000045776369
MISC,3271.0,14.34282,0.02431,13.916504,2544.56508,0.10415349,8.58158,5.47800016403198,1.1209998130798304
MISC,4719.0,4.78943,0.0052,19.88115643,6149.42056,13.9168095,7.53659,2.354000091552772,0.8830003738403285
CST,3506.0,6.09766,0.00723,19.88115571,10670.92578,13.916809,9.99391,4.396000385284419,0.1479997634887704
EC,6418.0,1.27338,0.02682,0.30485222,3090.20725,0.30519887,9.13277,1.072999954223599,5.837999343872061
MISC,3368.0,15.31298,0.02297,13.916504,6008.13361,0.10420759,8.89055,4.67900037765506,0.2130002975463893
MISC,3226.0,10.23692,0.01761,14.64927316,3725.40068,0.10409947,8.62563,5.72499990463252,0.43299961090087
DCEP,5656.0,2.90041,0.02913,7.95246229,9536.89223,8.21724508,10.31383,1.8559999465943005,2.2519998550414613
DCEP,3613.0,0.5084,0.00996,3.81282438,796.9166,7.59513471,9.65615,4.2159996032715,0.7309999465942614
EC,5864.0,2.89548,0.04949,0.19698243,7404.36875,0.19701464,9.66635,1.2200002670287995,4.871000289916971
MISC,5827.0,0.49483,0.00729,9.59758862,353.44207,13.9165035,9.559,1.5930004119872994,2.89200019836424
RR,4519.0,0.23879,0.01696,0.51352413,544.29618,0.51391921,7.88955,2.5820007324219,5.32000064849856
MISC,3748.0,6.78078,0.01091,14.64895158,40942.73859,13.916504,9.14812,3.873000144958451,0.05200004577636
RR,4657.0,0.27046,0.00814,0.61988882,1077.47311,0.61847168,7.69852,2.498000144958501,3.076999664306669
DSCT,7283.0,-0.6294,0.00033,8.43424485,43.90518,0.11326698,8.45185,0.7600002288818395,0.4099998474121111
DSCT,7361.0,-2.95067,0.0082,1.03854507,376.73269,0.10475163,8.99373,0.6259994506835991,2.610999107360829
EC,5341.0,3.21902,0.02228,0.15168184,11951.81554,0.30335329,9.88009,1.8140001296997,2.248000144958459
DCEP,5472.0,0.68344,0.00913,3.16291114,1832.13568,6.38638519,11.46025,2.0810003280640004,1.2799997329712005
DSCT,6252.0,1.64818,0.04274,0.29175701,2599.14452,0.29145566,8.36157,1.1680002212525,5.0799999237060405
DSCT,4345.0,1.41586,0.0249,0.1314744,6377.98317,0.13144707,8.29386,2.898999214172399,4.296000480651879
MISC,3455.0,21.84468,0.03264,11.1332028,1527.74664,13.01386831,8.51241,4.745999813079861,0.1550002098083496
RR,4956.60009765625,0.50949,0.00387,0.68218157,2708.03725,0.68149152,9.80741,2.175000190734899,1.2100000381469798
ED,5986.0,2.42656,0.02721,0.50513626,1168.6836,1.01121616,11.38069,1.3429994583130007,2.48699951171872
DCEP,6381.0,0.75081,0.00903,3.16291114,2156.23565,3.16385358,9.01278,1.6490001678466992,2.06599998474125
DSCT,7350.0,-2.67612,0.01675,16.37271647,88.17749,0.12949586,9.19978,0.5260000228881996,3.3169994354247603
EC,5382.0,0.8567,0.02095,0.14963983,2402.70434,0.29928079,9.76799,1.778999328613299,4.93099975585934
DCEP,3321.0,1.35608,0.01669,3.61475558,2889.14052,3.62058493,8.61017,5.2350006103516,1.34200000762935
EC,5348.0,3.1046,0.04857,0.16248107,8729.73247,0.32497148,10.08313,1.8079996109009,4.51200008392329
ED,5545.0,0.32768,0.01459,0.2668553,485.29469,0.26666457,10.67155,1.6480007171630984,5.0889997482299485
MISC,2683.0,26.42879,0.03438,14.64927263,4210.99843,0.10409947,8.24448,7.44700002670287,1.2120001316070597
MISC,5597.0,5.04473,0.02322,10.30874778,1106.067,0.10409947,8.1346,1.9069995880127009,5.302999496459961
ED,5683.0,0.33625,0.00892,0.42623288,230.60521,0.42652126,11.94128,1.5399999618530007,3.140000343322749
MISC,3161.0,6.84111,0.00622,12.65164455,2692.05299,13.01413546,8.89554,5.340999603271491,0.2170000076293901
RR,5371.0,0.33959,0.01501,0.36594913,1260.84065,0.36585104,8.60882,1.7880001068115003,5.252999305725069
DSCT,7468.0,-1.19794,0.01076,14.64927263,85.12836,0.13507525,9.43849,0.9440002441407014,2.9739999771118004
RR,4393.0,5.30931,0.08364,0.54574525,2915.64362,0.54609007,9.42373,2.7430000305175994,4.178000450134279
MISC,3481.0,0.23882,0.00905,7.51695784,80.40905,13.906372,8.1931,4.449999809265201,1.9959993362426705
DCEP,3425.0,1.18368,0.02291,3.09262422,2318.382,12.22142791,8.6815,4.812000274658301,1.6240005493164311
EC,5696.0,2.89527,0.03508,0.16023609,8560.3718,0.32030248,10.10634,1.5340003967284996,4.07600021362307
MISC,4898.0,-0.27699,0.0012,18.555664,62.62524,13.916748,9.57371,2.1719999313353995,1.4840002059936506
ED,4380.0,2.49987,0.03292,0.29267738,818.63909,0.29273133,11.65786,2.850999832153299,2.2440004348755203
DCEP,3578.0,2.25361,0.07063,2.7833618,1705.281,8.21724508,8.50971,4.315999984741199,2.50600051879883
ED,4718.0,0.77694,0.02251,0.23088059,759.7915,0.23076437,11.02879,2.427000045776401,4.132999420165969
EC,5713.0,1.02941,0.01794,0.20183915,3212.71477,0.20176954,9.816,1.5950002670287995,4.04899978637699
ED,4154.0,-0.15973,0.0063,0.90957542,37.14485,0.91028615,12.7694,3.091000556945801,3.3769998550415004
DCEP,5985.0,2.15204,0.02878,4.71756237,10429.61831,4.7302166,8.89457,2.030000686645499,3.56500053405766
RR,5789.0,1.86214,0.02459,0.30220421,4766.02954,0.30243863,8.75399,1.6040000915526988,4.15100002288818
DSCT,5465.0,0.51049,0.01599,0.18073381,1870.91035,0.18052901,9.32211,1.7109994888306002,4.69799995422359
EC,5549.0,0.98494,0.03074,0.2422713,1908.59241,0.24219738,9.79632,1.6449995040892986,5.586999893188441
CST,4330.0,5.08603,0.01635,11.1332032,1896.30949,13.01386874,7.90967,2.829000473022472,0.3070001602172798
EC,4027.0,2.38961,0.02537,0.14750195,2883.64213,0.14748645,8.2673,3.390001296997001,4.82699966430666
RR,6116.66015625,5.1774,0.1191,0.66907736,2549.92624,0.66788134,7.37722,1.310000419616701,4.481999397277811
DCEP,4202.0,2.78724,0.12573,3.12730427,1571.44122,3.16383782,7.6809,3.1090002059936985,3.92800045013432
CST,5538.0,2.60642,0.01734,11.57994625,3439.82419,0.10420643,7.39921,1.6870002746582011,5.05299949645992
CST,4200.0,3.31094,0.02601,13.906067,1754.4973,0.104207,8.5781,3.1110000610352007,2.1809997558593306
DCEP,3986.0,2.15107,0.04855,3.97623114,2482.60279,12.22142791,8.80669,3.3789997100830007,1.8409996032714504
MISC,2828.0,3.34408,0.01025,12.64193455,1865.84963,13.00479464,12.52994,6.801000118255569,0.8720002174377397
MISC,3223.0,4.83906,0.01044,12.96607619,3872.51645,0.10408218,7.72453,5.226999759674119,0.4479999542236292
DSCT,6633.0,5.52017,0.01404,0.16848142,17927.55624,0.16854852,8.7223,1.3929996490478889,0.0100002288818306
DSCT,6754.0,5.2154,0.04671,0.14649273,16094.21133,0.14641024,8.87574,1.1430006027222,3.8220005035400586
DCEP,3237.0,0.8573,0.015,2.30029901,901.41932,13.916809,9.03523,5.662000656127901,1.906000137329089
DSCT,4878.0,-0.89827,0.0035,3.56841256,17.25963,0.10925791,8.73984,2.260999679565499,3.7909994125366
MISC,4917.0,54.2819,0.07497,13.9168095,3160.72714,0.10409947,8.43766,2.211000442504901,1.620999336242681
RR,5131.0,0.90475,0.02728,0.29390716,883.33046,0.29401808,8.94644,2.000999450683599,4.9960002899170295
ED,5703.0,0.43996,0.00583,1.61823366,338.3245,1.62572903,9.37844,1.6230001449584996,2.222000122070291
DCEP,5572.0,0.45406,0.00706,4.03385768,1803.08285,4.06017795,7.813,2.0129995346069,0.8760004043578995
DCEP,6063.0,-0.07211,0.00265,4.28209508,838.77856,8.56814963,9.84506,1.4259996414184997,1.3769998550415092
EC,5358.0,8.48437,0.04323,0.13993775,14850.69693,0.27967421,9.76452,1.7989997863768998,4.41199970245361
MISC,3658.0,12.40127,0.0234,13.9168095,3068.42244,0.10409947,8.92521,4.09599971771235,0.2140002250671298
EC,4482.0,1.21896,0.03426,0.13690609,4722.53128,0.13691873,9.41207,2.7150011062622017,5.128999710083011
DSCT,6785.0,5.0974,0.03955,0.12939567,14941.92068,0.12941231,8.52859,0.881000518798901,3.574999809265151
ED,5514.0,1.33194,0.01673,1.41284305,1960.2663,2.80943374,10.08581,1.9219999313355007,2.4169998168945312
RR,6360.0,5.96668,0.07494,0.47987945,2996.79444,0.47952836,8.33928,1.4860000610350994,4.522999763488789
DSCT,5668.0,0.32278,0.01221,0.10001125,2405.76107,0.10000068,8.95693,1.9420003890991,3.85299968719481
RR,4327.0,1.47002,0.04699,0.62405848,1274.77337,0.62424428,10.19231,2.9239997863769016,4.2160005569458505
MISC,4514.0,9.58478,0.01579,12.10157304,1580.51735,13.01413546,9.56498,2.5890002250671307,-0.0480003356933593
DCEP,4634.0,0.40831,0.00537,4.63893633,1557.26779,13.916809,9.78862,2.446999549865799,0.4060001373290998
EC,4309.0,1.31075,0.01713,0.12277463,9106.09845,0.12276123,10.09026,2.9499998092650994,4.01900005340574
RR,5307.0,-0.0591,0.00592,0.47471997,487.05438,0.94889261,7.55858,1.8429994583130007,3.55100059509277
DCEP,3708.0,1.12103,0.01045,4.15427134,3666.3956,4.14403591,9.12716,3.969999313354501,0.7010002136230398
